"id","first_name","last_name","email","gender","dob"
"1","Breena","Bohea","bbohea0@webnode.com","Genderqueer","1627823572"
"2","Hirsch","Haggett","hhaggett1@fda.gov","Male","1658914013"
"3","Leone","Antonovic","lantonovic2@barnesandnoble.com","Female","1671658952"
"4","Roobbie","Tokley","rtokley3@moonfruit.com","Bigender","1617634931"
"5","Isobel","Pattini","ipattini4@stanford.edu","Polygender","1629595308"
"6","Ardenia","Castiello","acastiello5@state.tx.us","Female","1625652013"
"7","Archaimbaud","Duggen","aduggen6@theatlantic.com","Male","1683297152"
"8","Arch","Stickins","astickins7@studiopress.com","Male","1665118000"
"9","Tomas","Rowbotham","trowbotham8@answers.com","Male","1637525590"
"10","Penrod","Rummin","prummin9@technorati.com","Polygender","1633051716"
"11","Dorotea","Craydon","dcraydona@tinypic.com","Female","1633080891"
"12","Athene","Clampe","aclampeb@addthis.com","Female","1672341807"
"13","Moe","Gronaller","mgronallerc@over-blog.com","Male","1674777542"
"14","Gonzalo","Woodger","gwoodgerd@purevolume.com","Male","1667923166"
"15","Julie","Delagnes","jdelagnese@nhs.uk","Male","1677329839"
"16","Filia","Markwelley","fmarkwelleyf@cdbaby.com","Female","1638691527"
"17","Tamar","Normaville","tnormavilleg@mediafire.com","Female","1675266323"
"18","Faber","Charnick","fcharnickh@symantec.com","Male","1653225156"
"19","Kin","Siggers","ksiggersi@purevolume.com","Male","1653493018"
"20","Walt","Diviny","wdivinyj@uol.com.br","Male","1667424692"
"21","Sawyer","Carnegie","scarnegiek@disqus.com","Male","1670014024"
"22","Olympe","McEachern","omceachernl@ustream.tv","Female","1669879473"
"23","Freida","Bust","fbustm@reuters.com","Female","1673652925"
"24","Denis","Suter","dsutern@blinklist.com","Male","1679956809"
"25","Aldric","Barrack","abarracko@chicagotribune.com","Male","1641462713"
"26","Marjie","Axcel","maxcelp@slideshare.net","Female","1643254443"
"27","Clarice","Sives","csivesq@1688.com","Female","1658101018"
"28","Emmott","Juschka","ejuschkar@yahoo.co.jp","Male","1628534340"
"29","Enrika","Gerok","egeroks@yelp.com","Female","1629235536"
"30","Mickie","Fasset","mfassett@blogs.com","Male","1657985014"
"31","Melly","Linnard","mlinnardu@redcross.org","Female","1664756636"
"32","Rocky","Lago","rlagov@live.com","Male","1651836434"
"33","Arley","Teather","ateatherw@mozilla.org","Male","1636594387"
"34","Rafaellle","Viveash","rviveashx@google.nl","Male","1679802376"
"35","Hannie","Warrier","hwarriery@squarespace.com","Female","1634480186"
"36","Georgette","Flaverty","gflavertyz@elegantthemes.com","Non-binary","1667031522"
"37","Zerk","Drew-Clifton","zdrewclifton10@europa.eu","Male","1687260672"
"38","Bobby","Rawcliffe","brawcliffe11@prlog.org","Polygender","1643047759"
"39","Tobias","Stembridge","tstembridge12@samsung.com","Male","1638845675"
"40","Izak","Widmore","iwidmore13@soup.io","Male","1614970744"
"41","Conney","Loadwick","cloadwick14@nydailynews.com","Male","1619981969"
"42","Raymond","Clemson","rclemson15@google.com.hk","Male","1625200713"
"43","Howie","Paolacci","hpaolacci16@imdb.com","Male","1669497433"
"44","Helen-elizabeth","Leates","hleates17@acquirethisname.com","Bigender","1646133274"
"45","Saul","Pawfoot","spawfoot18@scientificamerican.com","Male","1673749482"
"46","Rufus","Coulthard","rcoulthard19@privacy.gov.au","Male","1672261073"
"47","Karna","Anthona","kanthona1a@biblegateway.com","Female","1668726707"
"48","Isidor","Eadington","ieadington1b@creativecommons.org","Male","1624258265"
"49","Haskel","Carnier","hcarnier1c@facebook.com","Male","1673689789"
"50","Craggy","Domoney","cdomoney1d@mozilla.com","Male","1628296373"
"3","Leone","Antonovic","lantonovic2@barnesandnoble.com","Female","1671658952"
"4","Roobbie","Tokley","rtokley3@moonfruit.com","Bigender","1617634931"
"5","Isobel","Pattini","ipattini4@stanford.edu","Polygender","1629595308"
"null","null","null","null","null","null"
"null","null","null","null","null","null"
"5","null","Pattini","ipattini4@stanford.edu","Polygender","null"
